Natural Language,Ground Truth,Atomic Proposition,AST
it eventually holds that if x1 is true then x2 is true thereafter,F(x1 -> G(x2)),"x1 : x1 , x2 : x2","Eventually(LImplies(AtomicProposition(""x1""),Always(AtomicProposition(""x2""))))"
"whenever x1 is true, it becomes false in the next state and true again in the state after that",G(x1 -> (X(!x1) & X(X(x1)))),x1 : x1,"Always(LImplies(AtomicProposition(""x1""),LAnd(Next(Not(AtomicProposition(""x1""))),Next(Next(AtomicProposition(""x1""))))))"
x1 is true sometime after 4 or more transitions,X(X(X(X(F(x1))))),x1 : x1,"Next(Next(Next(Next(Eventually(AtomicProposition(""x1""))))))"
x1 is true in exactly one state.,F(x1) & G(x1 -> X(G(!x1))),x1 : x1,"LAnd(Eventually(AtomicProposition(""x1"")),Always(LImplies(AtomicProposition(""x1""),Next(Always(Not(AtomicProposition(""x1"")))))))"
"Considering x1 and x2 as two threads both attempting to add lock on a variable. describe the rule that ""No more than one thread can have that lock"". Take true as success on locking and false as failure.",G((x1 & !x2) | (!x1 & x2) | (!x1 & !x2)),"x1 : x1 , x2 : x2","Always(LOr(LOr(LAnd(AtomicProposition(""x1""),Not(AtomicProposition(""x2""))),LAnd(Not(AtomicProposition(""x1"")),AtomicProposition(""x2""))),LAnd(Not(AtomicProposition(""x1"")),Not(AtomicProposition(""x2"")))))"
Make x2 hold in any and only those states which come after the last state in which x1 holds.,G (x1-> X(!x1 U X2)),"x1 : x1 , x2 : x2","Always(LImplies(AtomicProposition(""x1""),Next(Until(Not(AtomicProposition(""x1"")), AtomicProposition(""X2"")))))"
"Given a request signal x1, the grant signal x2 should eventually be asserted.",G(x1 -> F(X(x2))),"x1 : x1 , x2 : x2","Always(LImplies(AtomicProposition(""x1""),Eventually(Next(AtomicProposition(""x2"")))))"
"If it at least rains once, or on alternating days, (rain being the boolean x1), the bean will eventually sprout (x2).",x1 & X(!x1) | !x1 & X(x1) -> x2,"""rain"" : x1 , ""sprout"" : x2","LImplies(LOr(LAnd(AtomicProposition(""x1""),Next(Not(AtomicProposition(""x1"")))),LAnd(Not(AtomicProposition(""x1"")),Next(AtomicProposition(""x1"")))),AtomicProposition(""x2""))"
x1 is true exactly twice,F(x1 & X(F(x1 & G(!x1)))),x1 : x1,"Eventually(LAnd(AtomicProposition(""x1""),Next(Eventually(LAnd(AtomicProposition(""x1""),Always(Not(AtomicProposition(""x1""))))))))"
It is eventually true that x1 is always true when x2 and x3 false.,F(!x2 & !x3 -> G(x1)),"x1 : x1 , x2 : x2 , x3 : x3","Eventually(LImplies(LAnd(Not(AtomicProposition(""x2"")),Not(AtomicProposition(""x3""))),Always(AtomicProposition(""x1""))))"
"for every state if x1 is true, then x2 and x3 should be false, if x2 or x3 is true, x1 is false.",G(x1->!(x2 & x3) & ((x2 | x3)->!x1)),"x1 : x1 , x2 : x2 , x3 : x3","Always(LImplies(AtomicProposition(""x1""),LAnd(Not(LAnd(AtomicProposition(""x2""),AtomicProposition(""x3""))),LImplies(LOr(AtomicProposition(""x2""),AtomicProposition(""x3"")),Not(AtomicProposition(""x1""))))))"
x1 is always eventually true unless x2 is false and x3's next state is true,G(F(x1) U (!x2) & X(x3)),"x1 : x1 , x2 : x2 , x3 : x3","Always(LAnd(Until(Eventually(AtomicProposition(""x1"")), Not(AtomicProposition(""x2""))),Next(AtomicProposition(""x3""))))"
It is always the case that x1 happens immediately before x2.,G(x1 -> X(x2)),"x1 : x1 , x2 : x2","Always(LImplies(AtomicProposition(""x1""),Next(AtomicProposition(""x2""))))"
If x1 is true in the next step then x1 will always eventually be true.,G(X(x1) & G(F(x1))),x1 : x1,"Always(LAnd(Next(AtomicProposition(""x1"")),Always(Eventually(AtomicProposition(""x1"")))))"
"It's always true that if x1 is true that in the previous state x1 is false, and that x1 was true 2 states ago",G(x1 -> (X(!x1) & X(X(x1)))),x1 : x1,"Always(LImplies(AtomicProposition(""x1""),LAnd(Next(Not(AtomicProposition(""x1""))),Next(Next(AtomicProposition(""x1""))))))"
x3 is true if and only if x1 and x2 are true in the previous state and x1 and x2 are eventually true.,G (x3 <-> (X(x1 & x2) & F(x1 & x2))),"x1 : x1 , x2 : x2 , x3 : x3","Always(LEquiv(AtomicProposition(""x3""),LAnd(Next(LAnd(AtomicProposition(""x1""),AtomicProposition(""x2""))),Eventually(LAnd(AtomicProposition(""x1""),AtomicProposition(""x2""))))))"
x1 is sometimes true until x2 is true and must be false after (x1),(x1 U x2) & G(x2 -> F (!x1)),"x1 : x1 , x2 : x2","LAnd(Until(AtomicProposition(""x1""), AtomicProposition(""x2"")),Always(LImplies(AtomicProposition(""x2""),Eventually(Not(AtomicProposition(""x1""))))))"
"It always holds that after x1 is true, x2 will be true. x3 will not be true until both x1 and x2 are true.",G(x1 ->F(x2)) & G(!x3 U (x1 & x2)),"x1 : x1 , x2 : x2 , x3 : x3","LAnd(Always(LImplies(AtomicProposition(""x1""),Eventually(AtomicProposition(""x2"")))),Always(Until(Not(AtomicProposition(""x3"")), LAnd(AtomicProposition(""x1""),AtomicProposition(""x2"")))))"
"if (x1 and x2) is eventually true, then x1 is false until it is true. Otherwise, if x2 is eventually true, then x1 is also eventually true.",F(x1 & x2) -> (!x1 U x1) & F(x2)->F(x1),"x1 : x1 , x2 : x2","LImplies(Eventually(LAnd(AtomicProposition(""x1""),AtomicProposition(""x2""))),LImplies(LAnd(Until(Not(AtomicProposition(""x1"")), AtomicProposition(""x1"")),Eventually(AtomicProposition(""x2""))),Eventually(AtomicProposition(""x1""))))"
"Given states x1, x2, and x3: always transitioning in a cycle (ex. x1 -> x2 -> x3 -> x1 ...)",G(x1->X(x2)) & G(x2->X(x3)) & G(x3->X(x1)),"x1 : x1 , x2 : x2 , x3 : x3","LAnd(LAnd(Always(LImplies(AtomicProposition(""x1""),Next(AtomicProposition(""x2"")))),Always(LImplies(AtomicProposition(""x2""),Next(AtomicProposition(""x3""))))),Always(LImplies(AtomicProposition(""x3""),Next(AtomicProposition(""x1"")))))"
"If x1 is always true, then x2 will always be true until x3 is false",G(x1) -> G(x2) U (!x3),"x1 : x1 , x2 : x2 , x3 : x3","LImplies(Always(AtomicProposition(""x1"")),Until(Always(AtomicProposition(""x2"")), Not(AtomicProposition(""x3""))))"
x2 and x3 will become true on the same step x1 will become true the step after x2 becomes true x4 will be true until x1 is true x2 will be true at some point,G (F(x2 & x3) & (X (x2 -> X(x1))) & G(x4 U x1) & F(x2)),"x1 : x1 , x2 : x2 , x3 : x3, x4 : x4","Always(LAnd(LAnd(LAnd(Eventually(LAnd(AtomicProposition(""x2""),AtomicProposition(""x3""))),Next(LImplies(AtomicProposition(""x2""),Next(AtomicProposition(""x1""))))),Always(Until(AtomicProposition(""x4""), AtomicProposition(""x1"")))),Eventually(AtomicProposition(""x2""))))"
"Call x1 the variable of, did I take my medicine? I try to always take my medicine on time, but sometimes I forget. However, I never forget more than once in a row.",G(!x1 -> X(x1)),"""did I take my medicine?"" : x1","Always(LImplies(Not(AtomicProposition(""x1"")),Next(AtomicProposition(""x1""))))"
Parents with high education will always have children who would also pursue education.,G(x1 -> G(x2)),"""Parents with high education"" : x1 , ""children who would also pursue education"": x2","Always(LImplies(AtomicProposition(""x1""),Always(AtomicProposition(""x2""))))"
"The variable x1 will be true at least once, but at some point it will never be true again",!x1 U F(x1) & X(G(!x1)),x1 : x1,"LAnd(Until(Not(AtomicProposition(""x1"")), Eventually(AtomicProposition(""x1""))),Next(Always(Not(AtomicProposition(""x1"")))))"
"if x1 is true, x2 and x3 is false",G(x1-> !(x2 & x3)),"x1 : x1 , x2 : x2 , x3 : x3","Always(LImplies(AtomicProposition(""x1""),Not(LAnd(AtomicProposition(""x2""),AtomicProposition(""x3"")))))"
"x1 is always true until x2 is true or x3 is true, and x3 will be true eventually.",G(x1 U (x2 | x3) & F(x3)),"x1 : x1 , x2 : x2 , x3 : x3","Always(LAnd(Until(AtomicProposition(""x1""), LOr(AtomicProposition(""x2""),AtomicProposition(""x3""))),Eventually(AtomicProposition(""x3""))))"
x3 is always true if x1 and x2 are true in the previous state. x3 will eventually be true.,G((x1 & x2) ->X(x3)) & F(x3),"x1 : x1 , x2 : x2 , x3 : x3","LAnd(Always(LImplies(LAnd(AtomicProposition(""x1""),AtomicProposition(""x2"")),Next(AtomicProposition(""x3"")))),Eventually(AtomicProposition(""x3"")))"
x2 is never true or x2 is true until x1 is true,G(!x2) | G(x2 U x1),"x1 : x1 , x2 : x2","LOr(Always(Not(AtomicProposition(""x2""))),Always(Until(AtomicProposition(""x2""), AtomicProposition(""x1""))))"
Jack got 50 in his midterm exam but he didn't want to fail that course and Jack had 100 in his final.,x1 & x2 & X(x3),"midterm50: x1 , wantFail : x2 , final100 : x3","LAnd(LAnd(AtomicProposition(""x1""),LNot(AtomicProposition(""x2""))),AtomicProposition(""x3""))"
x1 and x2 will eventually become true at the same time.,G(F(x1 & x2)),"x1 : x1 , x2 : x2","Always(Eventually(LAnd(AtomicProposition(""x1""),AtomicProposition(""x2""))))"
"Whenever the Red light is on, it turns off in the next state and on again in the state after that.",G (x1 ->(X(!x1) & X(X(x1)))),"""Red light"" : x1","Always(LImplies(AtomicProposition(""x1""),LAnd(Next(Not(AtomicProposition(""x1""))),Next(Next(AtomicProposition(""x1""))))))"
"Whenever the Red light is on, it is off in the next state and on again in the state after that",G(x1 -> X(!x1) & X(X(x1))),"""Red light"" : x1","Always(LImplies(AtomicProposition(""x1""),LAnd(Next(Not(AtomicProposition(""x1""))),Next(Next(AtomicProposition(""x1""))))))"
"The Red light is on in exactly one state, but not necessarily the first state",F(x1) & G(x1 -> X(G(!x1))),"""Red light"" : x1","LAnd(Eventually(AtomicProposition(""x1"")),Always(LImplies(AtomicProposition(""x1""),Next(Always(Not(AtomicProposition(""x1"")))))))"
The Red light cannot stay on for three states in a row,G(x1 & X(x1) -> X(X(!x1))),"""Red light"" : x1","Always(LImplies(LAnd(AtomicProposition(""x1""),Next(AtomicProposition(""x1""))),Next(Next(Not(AtomicProposition(""x1""))))))"
"Whenever the Red light is on, the Blue light will be on then or at some point in the future",G(x1 -> x2 | F(x2)),"""Red light"" : x1, ""Blue"": x2","Always(LImplies(AtomicProposition(""x1""),LOr(AtomicProposition(""x2""),Eventually(AtomicProposition(""x2"")))))"
"The Red light is on for zero or more states, and then turns off and remains off in the future",F(!x1) & G(!x1 -> X(G(!x1))),"""Red light"" : x1","LAnd(Eventually(Not(AtomicProposition(""x1""))),Always(LImplies(Not(AtomicProposition(""x1"")),Next(Always(Not(AtomicProposition(""x1"")))))))"
"The robot has to go to the cafe on Main street, then stop by a bank, then go to McDonald’s, but only after visiting the bank",F (x1 & F (x2)) & F (x3 & (!x3 U x2)),"""Cafe"" : x1, ""bank"" : x2, ""McDonald's"" : x3","LAnd(Eventually(LAnd(AtomicProposition(""x1""),Eventually(AtomicProposition(""x2"")))),Eventually(LAnd(AtomicProposition(""x3""),Until(Not(AtomicProposition(""x3"")), AtomicProposition(""x2"")))))"
"if Red is initially lit, then it is also lit after three steps",x1 -> X(X(X(x1))),“red” : x1,"LImplies(AtomicProposition(""x1""),Next(Next(Next(AtomicProposition(""x1"")))))"
Blue is eventually lit and Red is always lit,(x1 U x2) & G(x1),"“red” : x1, “blue” : x2","LAnd(Until(AtomicProposition(""x1""), AtomicProposition(""x2"")),Always(AtomicProposition(""x1"")))"
"whenever Red is lit, it turns off in the next state and on again in the state after that",G(x1 -> (X(!x1) & X(X(x1)))),“red” : x1,"Always(LImplies(AtomicProposition(""x1""),LAnd(Next(Not(AtomicProposition(""x1""))),Next(Next(AtomicProposition(""x1""))))))"
"If the engine is on, the engine will be on 3 states from now",x1 -> X(X(X(x1))),"""Engine on” : x1","LImplies(AtomicProposition(""x1""),Next(Next(Next(AtomicProposition(""x1"")))))"
"After two states have passed, eventually the Engine after these the next state will be on.",X(X(F(X(x1)))),"""Engine on” : x1","Next(Next(Eventually(Next(AtomicProposition(""x1"")))))"
"If the engine eventually turns on, then the light is always on.",(F(x1)) -> (G(x2)),"""Engine on” : x1, “blue"" : x2","LImplies(Eventually(AtomicProposition(""x1"")),Always(AtomicProposition(""x2"")))"
"the engine will be on until the light turns on, and the engine is always on",((x1) U (x2)) & G(x1),"""Engine on” : x1, ""Light on” : x2","LAnd(Until(AtomicProposition(""x1""), AtomicProposition(""x2"")),Always(AtomicProposition(""x1"")))"
"If the engine is on, then in the next state the engine is not on and two states later it turns back on.",G(x1 -> (X(!x1 ) & X(X(x1)))),"""Engine on” : x1","Always(LImplies(AtomicProposition(""x1""),LAnd(Next(Not(AtomicProposition(""x1""))),Next(Next(AtomicProposition(""x1""))))))"
if eventually x2 and x1 is true then x1 is true until x2 happens to be true or in the next state x2 is true,F(x2 & x1) -> (x1 U x2) | (X(x2)),"x1 : x1 , x2 : x2","LImplies(Eventually(LAnd(AtomicProposition(""x2""),AtomicProposition(""x1""))),LOr(Until(AtomicProposition(""x1""), AtomicProposition(""x2"")),Next(AtomicProposition(""x2""))))"
if x1 is true then eventually it is always the case that in the next state x1 is true,x1 -> F(G(x1)),x1 : x1,"LImplies(AtomicProposition(""x1""),Eventually(Always(AtomicProposition(""x1""))))"
"if eventually x1,x2 and x3 is true then x4 is true and if it is not the case that eventually x1,x2 and x3 is true then x4 is false",((F(x1) & F(x2) & F(x3)) -> x4) & (!F(x1) | !F(x2) | !F(x3) -> !x4),"x1 : x1 , x2 : x2, x3 : x3, x4: x4","LAnd(LImplies(LAnd(LAnd(Eventually(AtomicProposition(""x1"")),Eventually(AtomicProposition(""x2""))),Eventually(AtomicProposition(""x3""))),AtomicProposition(""x4"")),LImplies(LOr(LOr(Not(Eventually(AtomicProposition(""x1""))),Not(Eventually(AtomicProposition(""x2"")))),Not(Eventually(AtomicProposition(""x3"")))),Not(AtomicProposition(""x4""))))"
it is always the case that if x1 is false then x2 is false and if x2 is false then x1 is false. and eventually x1 and x2 are true,G(((!x1) -> (!x2)) & ((!x2)->(!x1))) & F(x1 & x2),"x1 : x1 , x2 : x2","LAnd(Always(LAnd(LImplies(Not(AtomicProposition(""x1"")),Not(AtomicProposition(""x2""))),LImplies(Not(AtomicProposition(""x2"")),Not(AtomicProposition(""x1""))))),Eventually(LAnd(AtomicProposition(""x1""),AtomicProposition(""x2""))))"
in the next state if x1 is true then in the state after the next state after the next state x2 is true,X(x1)->X(X(X(x2))),"x1 : x1 , x2 : x2","LImplies(Next(AtomicProposition(""x1"")),Next(Next(Next(AtomicProposition(""x2"")))))"
it is always the case that x1 is true and x2 is false and if x1 is true x2 cannot be true in the same state then it is always the case that x2 is false,G(x1 & !x2),"x1 : x1 , x2 : x2","Always(LAnd(AtomicProposition(""x1""),Not(AtomicProposition(""x2""))))"
eventually it is always the case that x1 is true or it is always the case that eventually x1 is true,F(G(x1)) | G(F(x1)),x1 : x1,"LOr(Eventually(Always(AtomicProposition(""x1""))),Always(Eventually(AtomicProposition(""x1""))))"
if the state after the next state after the next state x1 is true then eventually x2 is false and x3 is true,X(X(X(x1))) -> (F(!x2) & x3),"x1 : x1 , x2 : x2, x3 : x3","LImplies(Next(Next(Next(AtomicProposition(""x1"")))),LAnd(Eventually(Not(AtomicProposition(""x2""))),AtomicProposition(""x3"")))"
it is always the case that x1 is true until x2 isn true and it is always the case that x1 and x2 are false,G(x1 U x2) & G(!(x1 & x2)),"x1 : x1 , x2 : x2","LAnd(Always(Until(AtomicProposition(""x1""), AtomicProposition(""x2""))),Always(Not(LAnd(AtomicProposition(""x1""),AtomicProposition(""x2"")))))"
it is always the caswe that x1 is true and it is always the caswe that x1 is false,G(x1) & G(!x1),x1 : x1,"LAnd(Always(AtomicProposition(""x1"")),Always(Not(AtomicProposition(""x1""))))"